{"cameraMode":{"drawMode":0,"name":"Shaded","section":"Shading Mode"},"sceneLighting":false,"audioPlay":false,"sceneViewState":{"showFog":true,"showMaterialUpdate":false,"showSkybox":true,"showFlares":true,"showImageEffects":true,"showParticleSystems":true},"in2DMode":false,"pivot":{"x":165.39999389648438,"y":229.01158142089845,"z":-755.4819946289063},"rotation":{"x":-0.004809617064893246,"y":0.0035971831530332567,"z":-0.000017318694517598487,"w":-0.999982476234436},"size":22.0,"orthographic":false}